<?xml version="1.0" encoding="UTF-8"?>
<Configuration status="INFO">
    <Appenders>
        <Console name="Console" target="SYSTEM_OUT">
            <PatternLayout pattern="%d{HH:mm:ss.SSS} [%t] %-5level %logger{36} - %msg%n"/>
        </Console>
        <Console name="ColoredConsole" target="SYSTEM_OUT">
            <PatternLayout pattern="%highlight{%d{HH:mm:ss.SSS} %-5level %logger{36}.%M() @%L - %msg%n}{FATAL=red blink, ERROR=red, WARN=yellow bold, INFO=black, DEBUG=green bold, TRACE=blue}"/>
        </Console>
    </Appenders>
    <Loggers>
        <Logger name="hr.fer.rgkk" level="INFO" additivity="false">
            <AppenderRef ref="ColoredConsole"/>
        </Logger>
        <Root level="INFO">
            <AppenderRef ref="Console"/>
        </Root>
    </Loggers>
</Configuration>